{"cameraMode":{"drawMode":0,"name":"Shaded","section":"Shading Mode"},"sceneLighting":true,"audioPlay":false,"sceneViewState":{"m_AlwaysRefresh":false,"showFog":true,"showSkybox":true,"showFlares":true,"showImageEffects":true,"showParticleSystems":true,"showVisualEffectGraphs":true,"m_FxEnabled":true},"in2DMode":false,"pivot":{"x":1.7136541604995728,"y":0.6773200631141663,"z":2.3212013244628908},"rotation":{"x":-0.7003029584884644,"y":0.0027900091372430326,"z":-0.0027421468403190376,"w":-0.7138631343841553},"size":4.163482189178467,"orthographic":false}