{"cameraMode":{"drawMode":0,"name":"Shaded","section":"Shading Mode"},"sceneLighting":false,"audioPlay":false,"sceneViewState":{"m_AlwaysRefresh":false,"showFog":true,"showSkybox":false,"showFlares":true,"showImageEffects":true,"showParticleSystems":true,"showVisualEffectGraphs":true,"m_FxEnabled":true},"in2DMode":false,"pivot":{"x":-0.5712260007858276,"y":-11.665526390075684,"z":12.020864486694336},"rotation":{"x":0.008186105638742447,"y":0.8942070603370667,"z":-0.4472852051258087,"w":0.01636657305061817},"size":27.675151824951173,"orthographic":false}